,Very Cold,Cold,Cool,Slightly Cool,Comfortable,Slightly Warm,Warm,Hot,Very Hot,Extremely Hot
Cold,0.14999999999999997,0.4999999999999999,0.19999999999999996,0.04999999999999999,0.04999999999999999,0.019999999999999997,0.009999999999999998,0.009999999999999998,0.0,0.009999999999999998
Cool,0.05,0.3,0.4,0.15,0.05,0.02,0.01,0.01,0.0,0.01
Warm,0.0,0.047619047619047616,0.09523809523809523,0.047619047619047616,0.5714285714285714,0.14285714285714285,0.047619047619047616,0.019047619047619046,0.009523809523809523,0.019047619047619046
Hot,0.0,0.0,0.0,0.0,0.3,0.3,0.2,0.15,0.0,0.05
Very Hot,0.0,0.0,0.0,0.0,0.1,0.2,0.2,0.3,0.15,0.05
